<?xml version="1.0" encoding="UTF-8"?>
<project-private xmlns="http://www.netbeans.org/ns/project-private/1">
    <editor-bookmarks xmlns="http://www.netbeans.org/ns/editor-bookmarks/1"/>
    <open-files xmlns="http://www.netbeans.org/ns/projectui-open-files/1">
        <file>file:/home/arun/NetBeansProjects/JavaEE6SampleApp/web/index.jsp</file>
        <file>file:/home/arun/NetBeansProjects/JavaEE6SampleApp/src/java/org/glassfish/samples/CustomerSessionBean.java</file>
        <file>file:/home/arun/NetBeansProjects/JavaEE6SampleApp/src/java/org/glassfish/samples/TestServlet.java</file>
        <file>file:/home/arun/NetBeansProjects/JavaEE6SampleApp/web/WEB-INF/beans.xml</file>
        <file>file:/home/arun/NetBeansProjects/JavaEE6SampleApp/web/template.xhtml</file>
        <file>file:/home/arun/NetBeansProjects/JavaEE6SampleApp/web/index.xhtml</file>
    </open-files>
</project-private>
